theta,CMM,CTM,CNM,CδM,CψM,CQM,CMT,CTT,CNT,CδT,CψT,CQT,CMN,CTN,CNN,CδN,CψN,CQN,d
0.0,-0.5,0.0,0.475,0.0,0.0,0.16,0.0,0.5,0.24,0.0,0.16,0.48,-0.235,0.24,0.5,0.3,0.0,0.0,0
5.0,-0.455,0.025,0.47,0.0,0.0,0.16,0.02,0.477,0.203,-0.03,0.16,0.48,-0.195,0.28,0.477,0.3,0.0,0.03,0
10.0,-0.415,0.05,0.465,0.0,0.0,0.16,0.037,0.45,0.155,-0.06,0.16,0.477,-0.155,0.32,0.45,0.3,0.0,0.06,0
15.0,-0.375,0.08,0.46,0.0,0.0,0.16,0.047,0.422,0.115,-0.09,0.16,0.47,-0.115,0.35,0.422,0.3,0.0,0.09,0
20.0,-0.335,0.11,0.455,0.0,0.0,0.16,0.055,0.395,0.08,-0.11,0.16,0.46,-0.08,0.375,0.395,0.29,0.0,0.11,0
25.0,-0.295,0.135,0.45,0.0,0.0,0.16,0.061,0.355,0.047,-0.14,0.16,0.45,-0.047,0.395,0.355,0.29,0.0,0.14,0
30.0,-0.258,0.16,0.44,0.0,0.0,0.16,0.064,0.326,0.02,-0.17,0.16,0.44,-0.018,0.415,0.326,0.29,0.0,0.17,0
35.0,-0.225,0.18,0.425,0.0,0.0,0.16,0.064,0.29,-0.006,-0.19,0.16,0.425,0.01,0.423,0.29,0.28,0.0,0.19,0
40.0,-0.188,0.2,0.41,0.0,0.0,0.16,0.062,0.25,-0.03,-0.2,0.16,0.405,0.033,0.434,0.25,0.27,0.0,0.2,0
45.0,-0.153,0.225,0.38,0.0,0.0,0.16,0.059,0.215,-0.05,-0.23,0.16,0.39,0.052,0.436,0.215,0.26,0.0,0.23,0
50.0,-0.12,0.24,0.36,0.0,0.0,0.16,0.054,0.175,-0.065,-0.25,0.16,0.365,0.068,0.432,0.175,0.24,0.0,0.25,0
55.0,-0.088,0.255,0.34,0.0,0.0,0.16,0.047,0.135,-0.078,-0.26,0.16,0.341,0.082,0.42,0.135,0.22,0.0,0.26,0
60.0,-0.058,0.27,0.32,0.0,0.0,0.16,0.04,0.1,-0.089,-0.28,0.16,0.32,0.09,0.41,0.1,0.2,0.0,0.28,0
65.0,-0.03,0.28,0.29,0.0,0.0,0.16,0.033,0.065,-0.096,-0.29,0.16,0.295,0.097,0.39,0.065,0.17,0.0,0.29,0
70.0,-0.006,0.29,0.27,0.0,0.0,0.16,0.024,0.03,-0.1,-0.3,0.16,0.27,0.101,0.362,0.03,0.14,0.0,0.3,0
75.0,0.015,0.3,0.25,0.0,0.0,0.16,0.016,0.0,-0.102,-0.31,0.16,0.24,0.102,0.345,0.0,0.11,0.0,0.31,0
80.0,0.037,0.305,0.22,0.0,0.0,0.16,0.006,-0.03,-0.1,-0.315,0.16,0.218,0.101,0.31,-0.03,0.08,0.0,0.315,0
85.0,0.053,0.308,0.19,0.0,0.0,0.16,-0.002,-0.055,-0.096,-0.318,0.16,0.19,0.097,0.28,-0.055,0.04,0.0,0.318,0
90.0,0.068,0.31,0.16,0.0,0.0,0.16,-0.011,-0.08,-0.091,-0.32,0.16,0.16,0.091,0.25,-0.08,0.0,0.0,0.32,0
95.0,0.08,0.308,0.14,0.0,0.0,0.16,-0.019,-0.1,-0.083,-0.318,0.16,0.13,0.084,0.215,-0.1,-0.04,0.0,0.318,0
100.0,0.09,0.305,0.11,0.0,0.0,0.16,-0.026,-0.115,-0.075,-0.315,0.16,0.1,0.075,0.18,-0.115,-0.08,0.0,0.315,0
105.0,0.098,0.3,0.075,0.0,0.0,0.16,-0.032,-0.128,-0.063,-0.31,0.16,0.075,0.063,0.145,-0.128,-0.11,0.0,0.31,0
110.0,0.103,0.29,0.05,0.0,0.0,0.16,-0.036,-0.14,-0.05,-0.3,0.16,0.05,0.054,0.11,-0.14,-0.14,0.0,0.3,0
115.0,0.107,0.28,0.025,0.0,0.0,0.16,-0.04,-0.148,-0.037,-0.29,0.16,0.023,0.042,0.07,-0.148,-0.17,0.0,0.29,0
120.0,0.108,0.27,0.0,0.0,0.0,0.16,-0.043,-0.152,-0.025,-0.28,0.16,0.0,0.027,0.03,-0.152,-0.2,0.0,0.28,0
125.0,0.107,0.255,-0.025,0.0,0.0,0.16,-0.045,-0.152,-0.012,-0.26,0.16,-0.022,0.015,-0.007,-0.152,-0.22,0.0,0.26,0
130.0,0.102,0.24,-0.05,0.0,0.0,0.16,-0.045,-0.15,0.002,-0.25,0.16,-0.043,0.0,-0.04,-0.15,-0.24,0.0,0.25,0
135.0,0.099,0.22,-0.06,0.0,0.0,0.16,-0.045,-0.145,0.015,-0.23,0.16,-0.065,-0.013,-0.07,-0.145,-0.26,0.0,0.23,0
140.0,0.092,0.2,-0.08,0.0,0.0,0.16,-0.043,-0.135,0.025,-0.2,0.16,-0.082,-0.026,-0.103,-0.135,-0.27,0.0,0.2,0
145.0,0.085,0.18,-0.1,0.0,0.0,0.16,-0.04,-0.125,0.037,-0.19,0.16,-0.1,-0.037,-0.135,-0.125,-0.28,0.0,0.19,0
150.0,0.076,0.16,-0.12,0.0,0.0,0.16,-0.036,-0.11,0.048,-0.17,0.16,-0.115,-0.048,-0.16,-0.11,-0.29,0.0,0.17,0
155.0,0.065,0.135,-0.13,0.0,0.0,0.16,-0.031,-0.095,0.057,-0.14,0.16,-0.127,-0.057,-0.181,-0.095,-0.29,0.0,0.14,0
160.0,0.052,0.11,-0.14,0.0,0.0,0.16,-0.026,-0.08,0.065,-0.11,0.16,-0.139,-0.065,-0.2,-0.08,-0.29,0.0,0.11,0
165.0,0.042,0.08,-0.145,0.0,0.0,0.16,-0.02,-0.06,0.072,-0.09,0.16,-0.145,-0.07,-0.218,-0.06,-0.3,0.0,0.09,0
170.0,0.03,0.05,-0.15,0.0,0.0,0.16,-0.014,-0.04,0.076,-0.06,0.16,-0.15,-0.075,-0.225,-0.04,-0.3,0.0,0.06,0
175.0,0.015,0.025,-0.155,0.0,0.0,0.16,-0.007,-0.02,0.078,-0.03,0.16,-0.158,-0.077,-0.235,-0.02,-0.3,0.0,0.03,0
180.0,0.0,0.0,-0.155,0.0,0.0,0.16,0.0,0.0,0.079,0.0,0.16,-0.16,-0.08,-0.24,0.0,-0.3,0.0,0.0,0
0.0,-0.5,0.0,0.56,0.0,1.5,-0.25,0.0,0.5,0.21,0.0,-0.25,0.56,-0.21,0.35,0.5,0.075,0.0,0.0,10
5.0,-0.45,0.06,0.55,0.1,1.1,-0.24,0.017,0.47,0.17,-0.05,-0.24,0.553,-0.17,0.37,0.47,0.07,-0.1,0.05,10
10.0,-0.4,0.11,0.54,0.3,0.81,-0.22,0.03,0.432,0.13,-0.11,-0.22,0.545,-0.135,0.4,0.432,0.06,-0.3,0.11,10
15.0,-0.355,0.17,0.53,0.45,0.55,-0.2,0.041,0.4,0.093,-0.17,-0.2,0.535,-0.095,0.43,0.4,0.055,-0.45,0.17,10
20.0,-0.31,0.21,0.52,0.5,0.32,-0.15,0.048,0.36,0.06,-0.21,-0.15,0.52,-0.065,0.445,0.36,0.05,-0.5,0.21,10
25.0,-0.265,0.25,0.5,0.55,0.17,-0.11,0.051,0.32,0.033,-0.25,-0.11,0.498,-0.032,0.459,0.32,0.05,-0.55,0.25,10
30.0,-0.222,0.29,0.47,0.6,0.05,-0.07,0.053,0.281,0.006,-0.3,-0.07,0.472,-0.005,0.46,0.281,0.04,-0.6,0.3,10
35.0,-0.185,0.325,0.44,0.55,-0.05,-0.02,0.052,0.245,-0.015,-0.33,-0.02,0.445,0.017,0.455,0.245,0.035,-0.55,0.33,10
40.0,-0.15,0.35,0.42,0.5,-0.12,0.02,0.05,0.202,-0.034,-0.36,0.02,0.42,0.035,0.442,0.202,0.025,-0.5,0.36,10
45.0,-0.115,0.37,0.38,0.45,-0.16,0.08,0.047,0.165,-0.047,-0.375,0.08,0.38,0.05,0.43,0.165,0.025,-0.45,0.375,10
50.0,-0.082,0.38,0.35,0.3,-0.17,0.13,0.042,0.13,-0.06,-0.39,0.13,0.34,0.061,0.4,0.13,0.02,-0.3,0.39,10
55.0,-0.055,0.4,0.32,0.2,-0.16,0.18,0.037,0.095,-0.072,-0.4,0.18,0.31,0.07,0.373,0.095,0.01,-0.2,0.4,10
60.0,-0.028,0.4,0.27,0.15,-0.14,0.24,0.03,0.06,-0.077,-0.395,0.24,0.28,0.076,0.35,0.06,0.0,-0.15,0.395,10
65.0,-0.005,0.38,0.24,0.1,-0.11,0.29,0.023,0.03,-0.081,-0.39,0.29,0.24,0.08,0.32,0.03,0.0,-0.1,0.39,10
70.0,0.015,0.375,0.2,0.05,-0.08,0.34,0.016,0.0,-0.082,-0.38,0.34,0.205,0.082,0.29,0.0,-0.01,-0.05,0.38,10
75.0,0.032,0.365,0.175,0.03,-0.05,0.37,0.009,-0.025,-0.081,-0.37,0.37,0.17,0.081,0.26,-0.025,-0.02,-0.03,0.37,10
80.0,0.048,0.35,0.15,0.01,-0.03,0.39,0.002,-0.047,-0.078,-0.35,0.39,0.14,0.079,0.22,-0.047,-0.02,-0.01,0.35,10
85.0,0.06,0.325,0.12,0.0,0.0,0.4,-0.005,-0.065,-0.074,-0.32,0.4,0.11,0.074,0.19,-0.065,-0.025,0.0,0.32,10
90.0,0.07,0.3,0.1,-0.002,0.02,0.39,-0.012,-0.08,-0.067,-0.3,0.39,0.085,0.068,0.16,-0.08,-0.025,0.002,0.3,10
95.0,0.074,0.275,0.065,-0.006,0.03,0.35,-0.016,-0.09,-0.06,-0.275,0.35,0.06,0.06,0.12,-0.09,-0.025,0.006,0.275,10
100.0,0.078,0.25,0.05,-0.011,0.04,0.3,-0.021,-0.1,-0.051,-0.25,0.3,0.04,0.051,0.09,-0.1,-0.025,0.011,0.25,10
105.0,0.08,0.225,0.025,-0.016,0.04,0.25,-0.025,-0.106,-0.043,-0.22,0.25,0.02,0.042,0.06,-0.106,-0.03,0.016,0.22,10
110.0,0.081,0.2,0.0,-0.019,0.03,0.22,-0.029,-0.11,-0.033,-0.2,0.22,0.0,0.034,0.04,-0.11,-0.03,0.019,0.2,10
115.0,0.081,0.175,-0.02,-0.02,0.02,0.19,-0.031,-0.112,-0.023,-0.18,0.19,-0.01,0.023,0.01,-0.112,-0.04,0.02,0.18,10
120.0,0.08,0.15,-0.025,-0.021,0.01,0.16,-0.033,-0.11,-0.014,-0.15,0.16,-0.025,0.014,-0.015,-0.11,-0.04,0.021,0.15,10
125.0,0.077,0.125,-0.05,-0.021,0.0,0.14,-0.034,-0.109,-0.004,-0.13,0.14,-0.038,0.003,-0.035,-0.109,-0.03,0.021,0.13,10
130.0,0.072,0.1,-0.06,-0.018,0.0,0.12,-0.034,-0.105,0.005,-0.12,0.12,-0.05,-0.006,-0.058,-0.105,-0.03,0.018,0.12,10
135.0,0.067,0.08,-0.065,-0.014,0.0,0.1,-0.033,-0.1,0.013,-0.1,0.1,-0.06,-0.015,-0.075,-0.1,-0.03,0.014,0.1,10
140.0,0.06,0.07,-0.075,-0.01,0.0,0.085,-0.032,-0.092,0.022,-0.08,0.085,-0.065,-0.025,-0.09,-0.092,-0.03,0.01,0.08,10
145.0,0.054,0.06,-0.08,-0.005,0.0,0.07,-0.03,-0.084,0.03,-0.06,0.07,-0.075,-0.032,-0.107,-0.084,-0.03,0.005,0.06,10
150.0,0.048,0.05,-0.085,-0.001,0.0,0.06,-0.027,-0.072,0.036,-0.05,0.06,-0.08,-0.038,-0.12,-0.072,-0.03,0.001,0.05,10
155.0,0.04,0.045,-0.09,0.0,0.0,0.05,-0.023,-0.063,0.042,-0.04,0.05,-0.085,-0.044,-0.13,-0.063,-0.03,0.0,0.04,10
160.0,0.033,0.045,-0.095,0.0,0.0,0.04,-0.019,-0.05,0.047,-0.03,0.04,-0.09,-0.048,-0.14,-0.05,-0.03,0.0,0.03,10
165.0,0.025,0.04,-0.1,0.0,0.0,0.03,-0.015,-0.04,0.05,-0.02,0.03,-0.092,-0.053,-0.147,-0.04,-0.03,0.0,0.02,10
170.0,0.017,0.025,-0.105,0.0,0.0,0.02,-0.01,-0.028,0.054,-0.01,0.02,-0.095,-0.055,-0.15,-0.028,-0.03,0.0,0.01,10
175.0,0.008,0.015,-0.1,0.0,0.0,0.01,-0.005,-0.013,0.055,-0.005,0.01,-0.098,-0.057,-0.155,-0.013,-0.03,0.0,0.005,10
180.0,0.0,0.0,-0.09,0.0,0.0,0.0,0.0,0.0,0.056,0.0,0.0,-0.1,-0.058,-0.158,0.0,-0.03,0.0,0.0,10
0.0,-0.5,0.0,0.69,0.0,6.5,-0.8,0.0,0.5,0.17,0.0,-0.8,0.7,-0.17,0.52,0.5,1.44,0.0,0.0,50
5.0,-0.435,0.125,0.68,0.5,4.8,-0.75,0.015,0.45,0.135,-0.15,-0.75,0.69,-0.135,0.55,0.45,1.3,-0.5,0.15,50
10.0,-0.38,0.25,0.67,1.0,3.4,-0.6,0.024,0.4,0.1,-0.25,-0.6,0.68,-0.1,0.575,0.4,1.25,-1.0,0.25,50
15.0,-0.325,0.35,0.645,1.3,1.8,-0.5,0.03,0.35,0.065,-0.35,-0.5,0.65,-0.07,0.58,0.35,1.15,-1.3,0.35,50
20.0,-0.27,0.44,0.61,1.6,1.0,-0.4,0.035,0.3,0.035,-0.44,-0.4,0.61,-0.04,0.578,0.3,1.0,-1.6,0.44,50
25.0,-0.218,0.5,0.57,1.8,0.2,-0.25,0.036,0.25,0.01,-0.5,-0.25,0.57,-0.015,0.558,0.25,0.8,-1.8,0.5,50
30.0,-0.165,0.55,0.53,1.9,-0.3,-0.1,0.036,0.207,-0.01,-0.56,-0.1,0.53,0.007,0.53,0.207,0.6,-1.9,0.56,50
35.0,-0.125,0.6,0.47,1.8,-0.7,0.1,0.034,0.165,-0.027,-0.6,0.1,0.48,0.023,0.495,0.165,0.4,-1.8,0.6,50
40.0,-0.085,0.625,0.43,1.5,-0.9,0.25,0.032,0.12,-0.04,-0.625,0.25,0.42,0.035,0.46,0.12,0.25,-1.5,0.625,50
45.0,-0.05,0.63,0.36,1.35,-1.0,0.35,0.029,0.08,-0.048,-0.63,0.35,0.36,0.045,0.41,0.08,0.0,-1.35,0.63,50
50.0,-0.022,0.625,0.3,1.1,-1.1,0.5,0.024,0.05,-0.054,-0.62,0.5,0.3,0.052,0.36,0.05,-0.2,-1.1,0.62,50
55.0,0.0,0.61,0.25,0.9,-1.0,0.55,0.019,0.018,-0.056,-0.6,0.55,0.25,0.056,0.31,0.018,-0.3,-0.9,0.6,50
60.0,0.02,0.55,0.2,0.5,-0.9,0.6,0.014,-0.008,-0.056,-0.57,0.6,0.2,0.057,0.26,-0.008,-0.45,-0.5,0.57,50
65.0,0.037,0.53,0.15,0.25,-0.8,0.65,0.009,-0.03,-0.054,-0.525,0.65,0.15,0.056,0.21,-0.03,-0.5,-0.25,0.525,50
70.0,0.048,0.48,0.11,0.05,-0.6,0.68,0.004,-0.047,-0.05,-0.48,0.68,0.11,0.054,0.17,-0.047,-0.55,-0.05,0.48,50
75.0,0.053,0.425,0.075,-0.1,-0.4,0.7,0.0,-0.053,-0.047,-0.42,0.7,0.07,0.05,0.12,-0.053,-0.59,0.1,0.42,50
80.0,0.058,0.37,0.04,-0.2,-0.2,0.7,-0.003,-0.065,-0.042,-0.37,0.7,0.03,0.045,0.08,-0.066,-0.6,0.2,0.37,50
85.0,0.06,0.3,0.0,-0.3,-0.1,0.68,-0.007,-0.068,-0.036,-0.3,0.68,0.0,0.037,0.05,-0.068,-0.6,0.3,0.3,50
90.0,0.06,0.25,-0.02,-0.35,0.0,0.65,-0.01,-0.069,-0.03,-0.24,0.65,-0.015,0.032,0.015,-0.069,-0.59,0.35,0.24,50
95.0,0.057,0.18,-0.04,-0.38,0.13,0.6,-0.012,-0.07,-0.025,-0.2,0.6,-0.033,0.025,-0.015,-0.07,-0.55,0.38,0.2,50
100.0,0.054,0.14,-0.05,-0.4,0.18,0.55,-0.014,-0.068,-0.018,-0.14,0.55,-0.048,0.02,-0.03,-0.068,-0.5,0.4,0.14,50
105.0,0.05,0.07,-0.06,-0.43,0.2,0.5,-0.016,-0.063,-0.012,-0.08,0.5,-0.06,0.014,-0.05,-0.063,-0.48,0.43,0.08,50
110.0,0.042,0.04,-0.065,-0.45,0.18,0.45,-0.016,-0.06,-0.007,-0.04,0.45,-0.063,0.009,-0.06,-0.06,-0.4,0.45,0.04,50
115.0,0.036,0.0,-0.07,-0.47,0.16,0.425,-0.017,-0.05,-0.002,0.0,0.425,-0.068,0.002,-0.07,-0.05,-0.3,0.47,0.0,50
120.0,0.03,-0.04,-0.07,-0.49,0.1,0.38,-0.017,-0.047,0.003,0.03,0.38,-0.07,-0.002,-0.072,-0.047,-0.25,0.49,-0.03,50
125.0,0.025,-0.06,-0.065,-0.5,0.06,0.35,-0.017,-0.043,0.007,0.06,0.35,-0.063,-0.007,-0.07,-0.043,-0.2,0.5,-0.06,50
130.0,0.02,-0.08,-0.06,-0.47,0.0,0.3,-0.016,-0.036,0.01,0.08,0.3,-0.06,-0.01,-0.065,-0.036,-0.1,0.47,-0.08,50
135.0,0.015,-0.095,-0.05,-0.43,0.0,0.25,-0.015,-0.03,0.012,0.09,0.25,-0.055,-0.013,-0.06,-0.03,-0.05,0.43,-0.09,50
140.0,0.01,-0.1,-0.04,-0.4,0.0,0.21,-0.014,-0.025,0.015,0.1,0.21,-0.04,-0.015,-0.055,-0.025,0.0,0.4,-0.1,50
145.0,0.008,-0.11,-0.03,-0.35,0.0,0.17,-0.012,-0.02,0.017,0.11,0.17,-0.03,-0.017,-0.05,-0.02,0.0,0.35,-0.11,50
150.0,0.005,-0.1,-0.023,-0.3,0.0,0.13,-0.011,-0.015,0.018,0.1,0.13,-0.024,-0.019,-0.04,-0.015,0.0,0.3,-0.1,50
155.0,0.003,-0.09,-0.018,-0.25,0.0,0.09,-0.009,-0.011,0.019,0.08,0.09,-0.019,-0.02,-0.035,-0.011,0.0,0.25,-0.08,50
160.0,0.001,-0.08,-0.01,-0.21,0.0,0.05,-0.007,-0.008,0.02,0.07,0.05,-0.013,-0.021,-0.03,-0.008,0.0,0.21,-0.07,50
165.0,0.0,-0.065,-0.005,-0.17,0.0,0.02,-0.005,-0.005,0.021,0.06,0.02,-0.007,-0.021,-0.025,-0.005,0.0,0.17,-0.06,50
170.0,0.0,-0.05,0.0,-0.14,0.0,-0.01,-0.004,-0.002,0.021,0.04,-0.01,-0.002,-0.022,-0.021,-0.002,0.0,0.14,-0.04,50
175.0,0.0,-0.02,0.003,-0.1,0.0,-0.03,-0.002,-0.001,0.022,0.02,-0.03,-0.001,-0.022,-0.02,-0.001,0.0,0.1,-0.02,50
180.0,0.0,0.0,0.005,0.0,0.0,-0.04,0.0,0.0,0.022,0.0,-0.04,0.0,-0.022,-0.02,0.0,0.0,0.0,0.0,50
0.0,-0.5,0.0,0.77,0.0,12.2,-1.1,0.0,0.5,0.155,0.0,-1.1,0.77,-0.15,0.62,0.5,1.9,0.0,0.0,100
5.0,-0.43,0.17,0.76,1.0,9.3,-1.05,0.012,0.445,0.115,-0.18,-1.05,0.76,-0.113,0.645,0.445,1.85,-1.0,0.18,100
10.0,-0.36,0.33,0.74,2.0,6.4,-0.92,0.02,0.39,0.077,-0.33,-0.92,0.74,-0.077,0.66,0.39,1.75,-2.0,0.33,100
15.0,-0.3,0.47,0.72,2.5,3.2,-0.73,0.025,0.33,0.045,-0.47,-0.73,0.703,-0.047,0.66,0.33,1.55,-2.5,0.47,100
20.0,-0.24,0.58,0.66,2.8,0.6,-0.5,0.028,0.27,0.017,-0.6,-0.5,0.66,-0.02,0.64,0.27,1.25,-2.8,0.6,100
25.0,-0.19,0.67,0.61,2.85,0.0,-0.3,0.029,0.215,-0.003,-0.67,-0.3,0.605,0.0,0.61,0.215,1.0,-2.85,0.675,100
30.0,-0.14,0.74,0.54,2.8,-1.4,-0.05,0.028,0.165,-0.02,-0.73,-0.05,0.55,0.017,0.57,0.165,0.6,-2.8,0.73,100
35.0,-0.095,0.77,0.46,2.5,-2.0,0.17,0.026,0.12,-0.032,-0.76,0.17,0.49,0.03,0.52,0.12,0.4,-2.5,0.76,100
40.0,-0.06,0.78,0.4,2.2,-2.1,0.4,0.023,0.08,-0.04,-0.78,0.4,0.42,0.04,0.46,0.08,0.0,-2.2,0.78,100
45.0,-0.022,0.775,0.34,1.8,-2.2,0.58,0.019,0.045,-0.046,-0.77,0.58,0.35,0.045,0.39,0.045,-0.2,-1.8,0.77,100
50.0,0.002,0.75,0.26,1.4,-2.2,0.68,0.015,0.011,-0.048,-0.74,0.68,0.28,0.046,0.32,0.011,-0.4,-1.4,0.74,100
55.0,0.025,0.7,0.21,0.9,-2.1,0.82,0.011,-0.017,-0.047,-0.7,0.82,0.22,0.045,0.26,-0.017,-0.6,-0.9,0.7,100
60.0,0.04,0.65,0.15,0.5,-1.9,0.93,0.006,-0.032,-0.045,-0.64,0.93,0.16,0.044,0.2,-0.032,-0.75,-0.5,0.64,100
65.0,0.052,0.57,0.1,0.1,-1.6,0.98,0.003,-0.048,-0.042,-0.58,0.98,0.11,0.041,0.14,-0.048,-0.8,-0.1,0.58,100
70.0,0.06,0.5,0.05,-0.2,-1.2,1.0,0.0,-0.06,-0.036,-0.5,1.0,0.06,0.036,0.085,-0.06,-0.85,0.2,0.5,100
75.0,0.062,0.43,0.02,-0.5,-0.66,0.98,-0.003,-0.066,-0.032,-0.43,0.98,0.01,0.032,0.045,-0.066,-0.9,0.5,0.43,100
80.0,0.062,0.35,0.02,-0.7,-0.3,0.92,-0.005,-0.07,-0.025,-0.35,0.92,-0.02,0.025,0.0,-0.07,-0.9,0.7,0.35,100
85.0,0.06,0.25,-0.05,-0.9,0.0,0.83,-0.007,-0.067,-0.02,-0.26,0.83,-0.05,0.02,-0.03,-0.067,-0.85,0.9,0.26,100
90.0,0.052,0.18,-0.065,-1.0,0.3,0.77,-0.009,-0.062,-0.015,-0.18,0.77,-0.062,0.015,-0.055,-0.062,-0.8,1.0,0.18,100
95.0,0.047,0.1,-0.08,-1.2,0.56,0.68,-0.01,-0.057,-0.01,-0.13,0.68,-0.078,0.01,-0.073,-0.057,0.7,1.2,0.13,100
100.0,0.04,0.05,-0.085,-1.3,0.6,0.58,-0.011,-0.05,-0.005,-0.06,0.58,-0.08,0.005,-0.081,-0.05,-0.65,1.3,0.06,100
105.0,0.032,-0.02,-0.088,-1.3,0.66,0.48,-0.011,-0.043,0.0,0.0,0.48,-0.082,0.0,-0.09,-0.043,-0.55,1.3,0.0,100
110.0,0.025,-0.05,-0.085,-1.2,0.6,0.4,-0.011,-0.035,0.004,0.05,0.4,-0.08,-0.004,-0.09,-0.035,-0.5,1.2,-0.05,100
115.0,0.017,-0.08,-0.08,-1.0,0.54,0.35,-0.01,-0.027,0.006,0.07,0.35,-0.075,-0.006,-0.088,-0.027,-0.4,1.0,-0.07,100
120.0,0.01,-0.11,-0.072,-0.9,0.3,0.23,-0.01,-0.02,0.008,0.11,0.23,-0.065,-0.009,-0.08,-0.02,-0.3,0.9,-0.11,100
125.0,0.004,-0.13,-0.06,-0.8,0.2,0.15,-0.009,-0.015,0.009,0.12,0.15,-0.052,-0.01,-0.07,-0.015,-0.2,0.8,-0.12,100
130.0,0.0,-0.14,-0.05,-0.7,0.1,0.1,-0.008,-0.01,0.01,0.145,0.1,-0.04,-0.011,-0.06,-0.01,-0.05,0.7,-0.145,100
135.0,-0.005,-0.15,-0.04,-0.6,0.0,-0.02,-0.007,-0.004,0.011,0.15,-0.02,-0.03,-0.012,-0.05,-0.004,0.0,0.6,-0.15,100
140.0,-0.008,-0.15,-0.025,-0.5,0.0,-0.03,-0.006,0.0,0.011,0.15,-0.03,-0.02,-0.012,-0.04,0.0,0.03,0.5,-0.15,100
145.0,-0.01,-0.14,-0.01,-0.04,0.0,-0.11,-0.005,0.005,0.01,0.145,-0.11,-0.01,-0.011,-0.021,0.005,0.12,0.4,-0.145,100
150.0,-0.011,-0.13,0.0,-0.03,0.0,-0.16,-0.004,0.007,0.01,0.13,-0.16,0.0,-0.011,-0.006,0.007,0.2,0.3,-0.13,100
155.0,-0.011,-0.125,0.01,-0.02,0.0,-0.2,-0.003,0.009,0.009,0.12,-0.2,0.01,-0.01,0.006,0.009,0.22,0.2,-0.12,100
160.0,-0.01,-0.1,0.02,-0.01,0.0,-0.22,-0.002,0.01,0.009,0.1,-0.22,0.02,-0.01,0.02,0.01,0.25,0.1,-0.1,100
165.0,-0.009,-0.075,0.025,-0.05,0.0,-0.23,-0.002,0.009,0.008,0.08,-0.23,0.025,-0.009,0.022,0.009,0.28,0.05,-0.08,100
170.0,-0.006,-0.05,0.035,-0.03,0.0,-0.24,-0.001,0.007,0.008,0.05,-0.24,0.03,-0.009,0.025,0.007,0.29,0.03,-0.05,100
175.0,-0.003,-0.03,0.038,-0.01,0.0,-0.25,-0.001,0.004,0.007,0.02,-0.25,0.035,-0.008,0.029,0.004,0.3,0.01,-0.02,100
180.0,0.0,0.0,0.04,0.0,0.0,-0.25,0.0,0.0,0.007,0.0,-0.25,0.04,-0.008,0.03,0.0,0.3,0.0,0.0,100
0.0,-0.5,0.0,0.91,0.0,35.0,-2.3,0.0,0.5,0.13,0.0,-2.3,0.9,-0.13,0.78,0.5,3.2,0.0,0.0,300
5.0,-0.42,0.3,0.89,2.5,25.0,-2.1,0.01,0.43,0.09,-0.28,-2.1,0.89,-0.09,0.81,0.43,3.0,-2.5,0.28,300
10.0,-0.35,0.55,0.85,4.5,15.0,-1.8,0.016,0.36,0.055,-0.55,-1.8,0.85,-0.055,0.8,0.36,2.7,-4.5,0.55,300
15.0,-0.275,0.73,0.8,5.5,5.0,-1.4,0.019,0.28,0.027,-0.75,-1.4,0.8,-0.027,0.78,0.28,2.2,-5.5,0.75,300
20.0,-0.21,0.9,0.74,6.0,0.0,-0.9,0.02,0.23,0.003,-0.9,-0.9,0.73,-0.003,0.73,0.23,1.6,-6.0,0.9,300
25.0,-0.15,1.0,0.65,5.8,-5.0,-0.4,0.02,0.165,-0.015,-1.0,-0.4,0.65,0.015,0.67,0.165,1.0,-5.8,1.0,300
30.0,-0.095,1.07,0.55,5.3,-8.0,0.2,0.018,0.1,-0.025,-1.06,0.2,0.56,0.025,0.6,0.1,0.5,-5.3,1.06,300
35.0,-0.05,1.075,0.475,4.6,-9.5,0.6,0.016,0.06,-0.034,-1.075,0.6,0.47,0.034,0.49,0.06,-0.1,-4.6,1.075,300
40.0,-0.01,1.05,0.37,3.7,-10.2,1.0,0.012,0.021,-0.037,-1.05,1.0,0.37,0.037,0.4,0.021,-0.5,-3.7,1.05,300
45.0,0.018,0.97,0.275,2.5,-10.4,1.2,0.008,-0.01,-0.038,-0.98,1.2,0.29,0.038,0.32,-0.01,-0.8,-2.5,0.98,300
50.0,0.04,0.9,0.2,1.5,-10.5,1.4,0.005,-0.03,-0.037,-0.9,1.4,0.2,0.037,0.24,-0.03,-1.1,-1.5,0.9,300
55.0,0.05,0.77,0.125,0.6,-10.3,1.5,0.002,-0.05,-0.034,-0.8,1.5,0.13,0.034,0.16,-0.05,-1.25,-0.6,0.8,300
60.0,0.06,0.65,0.06,-0.1,-9.0,1.5,0.0,-0.06,-0.029,-0.7,1.5,0.06,0.029,0.1,-0.06,-1.4,0.1,0.7,300
65.0,0.062,0.525,0.02,-0.9,-9.0,1.45,-0.003,-0.065,-0.023,-0.55,1.45,0.01,0.023,0.03,-0.065,-1.4,0.9,0.55,300
70.0,0.06,0.4,-0.025,-1.2,-4.0,1.35,-0.005,-0.065,-0.017,-0.42,1.35,-0.03,0.017,-0.018,-0.065,-1.35,1.2,0.42,300
75.0,0.056,0.27,-0.05,-1.7,-2.0,1.2,-0.006,-0.062,-0.012,-0.3,1.2,-0.06,0.012,-0.05,-0.062,-1.25,1.7,0.3,300
80.0,0.05,0.2,-0.08,-1.9,-0.5,1.0,-0.007,-0.056,-0.006,-0.2,1.0,-0.08,0.006,-0.08,-0.056,-1.15,1.9,0.2,300
85.0,0.042,0.08,-0.1,-1.95,0.5,0.7,-0.007,-0.049,-0.003,-0.1,0.7,-0.095,0.003,-0.095,-0.049,-1.0,1.95,0.1,300
90.0,0.032,0.01,-0.102,-2.0,1.2,0.6,-0.007,-0.04,0.001,-0.025,0.6,-0.1,-0.001,-0.1,-0.04,-0.8,2.0,0.025,300
95.0,0.025,-0.05,-0.1,-1.95,1.8,0.5,-0.006,-0.032,0.005,0.04,0.5,-0.1,-0.005,-0.106,-0.032,-0.6,1.95,-0.04,300
100.0,0.017,-0.1,-0.095,-1.9,2.2,0.4,-0.006,-0.02,0.007,0.08,0.4,-0.093,-0.007,-0.1,-0.02,-0.45,1.9,-0.08,300
105.0,0.008,-0.13,-0.08,-1.7,2.3,0.2,-0.005,-0.013,0.009,0.12,0.2,-0.082,-0.009,-0.098,-0.013,-0.3,1.7,-0.12,300
110.0,0.0,-0.15,-0.07,-1.4,2.4,0.1,-0.004,-0.003,0.01,0.14,0.1,-0.07,-0.01,-0.09,-0.003,-0.2,1.4,-0.14,300
115.0,-0.005,-0.16,-0.06,-1.1,2.4,-0.05,-0.004,0.002,0.011,0.15,-0.05,-0.059,-0.011,-0.079,0.002,-0.1,1.1,-0.15,300
120.0,-0.011,-0.17,-0.041,-1.0,2.2,-0.1,-0.003,0.009,0.01,0.155,-0.1,-0.042,-0.01,-0.06,0.009,0.0,0.8,-0.155,300
125.0,-0.015,-0.16,-0.03,-0.5,2.0,-0.15,-0.002,0.011,0.009,0.15,-0.15,-0.032,-0.009,-0.05,0.011,0.1,0.5,-0.15,300
130.0,-0.016,-0.15,-0.02,-0.1,1.4,-0.2,-0.001,0.015,0.007,0.14,-0.2,-0.02,-0.007,-0.032,0.015,0.15,0.1,-0.14,300
135.0,-0.017,-0.13,-0.01,0.0,0.6,-0.2,0.0,0.017,0.006,0.125,-0.2,-0.01,-0.006,-0.015,0.017,0.2,0.0,-0.125,300
140.0,-0.018,-0.11,0.0,0.0,0.3,-0.15,0.0,0.018,0.005,0.11,-0.15,0.0,-0.005,0.0,0.018,0.2,0.0,-0.11,300
145.0,-0.017,-0.1,0.01,0.0,0.1,-0.1,0.0,0.019,0.003,0.09,-0.1,0.01,-0.003,0.01,0.019,0.2,0.0,-0.09,300
150.0,-0.016,-0.08,0.02,0.0,0.0,-0.05,0.001,0.018,0.002,0.08,-0.05,0.017,-0.002,0.02,0.018,0.2,0.0,-0.08,300
155.0,-0.014,-0.06,0.025,0.0,0.0,0.0,0.001,0.015,0.001,0.07,0.0,0.021,-0.001,0.022,0.015,0.15,0.0,-0.07,300
160.0,-0.01,-0.05,0.03,0.0,0.0,0.0,0.001,0.012,-0.001,0.05,0.0,0.025,0.001,0.03,0.012,0.1,0.0,-0.05,300
165.0,-0.009,-0.03,0.035,0.0,0.0,0.0,0.001,0.01,-0.002,0.04,0.0,0.03,0.002,0.035,0.01,0.1,0.0,-0.04,300
170.0,-0.008,-0.02,0.038,0.0,0.0,0.0,0.0,0.008,-0.002,0.02,0.0,0.038,0.002,0.038,0.008,0.1,0.0,-0.02,300
175.0,-0.004,-0.01,0.04,0.0,0.0,0.0,0.0,0.002,-0.003,0.01,0.0,0.04,0.003,0.04,0.002,0.1,0.0,-0.01,300
180.0,0.0,0.0,0.04,0.0,0.0,0.0,0.0,0.0,-0.003,0.0,0.0,0.04,0.003,0.038,0.0,0.1,0.0,0.0,300
0.0,-0.5,0.0,1.08,0.0,100.0,-4.5,0.0,0.5,0.11,0.0,-4.5,1.09,-0.11,0.98,0.5,5.6,0.0,0.0,1000
5.0,-0.4,0.5,1.06,7.0,65.0,-4.2,0.007,0.415,0.07,-0.5,-4.2,1.07,-0.07,0.995,0.415,5.3,-7.0,0.5,1000
10.0,-0.31,0.9,1.0,11.2,30.0,-3.3,0.012,0.32,0.04,-0.9,-3.3,1.0,-0.04,0.97,0.32,4.5,-11.2,0.9,1000
15.0,-0.23,1.2,0.9,13.5,6.0,-2.25,0.013,0.245,0.01,-1.2,-2.25,0.91,-0.01,0.9,0.245,3.3,-13.5,1.2,1000
20.0,-0.16,1.45,0.8,13.0,-10.0,-1.0,0.013,0.17,-0.008,-1.45,-1.0,0.8,0.008,0.81,0.17,2.0,-13.0,1.45,1000
25.0,-0.095,1.54,0.67,12.0,-22.0,0.0,0.012,0.105,-0.023,-1.55,0.0,0.67,0.023,0.69,0.105,0.9,-12.0,1.55,1000
30.0,-0.04,1.55,0.525,10.0,-29.0,1.0,0.01,0.05,-0.028,-1.54,1.0,0.52,0.025,0.56,0.05,-0.4,-10.0,1.55,1000
35.0,0.0,1.475,0.4,7.2,-30.0,1.75,0.007,0.01,-0.03,-1.45,1.75,0.4,0.03,0.44,0.01,-1.2,-7.2,1.45,1000
40.0,0.028,1.32,0.26,4.8,-28.0,2.22,0.004,-0.02,-0.03,-1.3,2.22,0.28,0.03,0.32,-0.02,-1.9,-4.8,1.3,1000
45.0,0.045,1.15,0.17,2.0,-23.0,2.5,0.002,-0.04,-0.027,-1.15,2.5,0.16,0.027,0.2,-0.04,-2.2,-2.0,1.15,1000
50.0,0.053,0.95,0.075,0.0,-20.0,2.6,0.0,-0.055,-0.022,-0.95,2.6,0.07,0.022,0.1,-0.055,-2.5,0.0,0.95,1000
55.0,0.058,0.7,0.0,-1.8,-15.0,2.5,-0.001,-0.06,-0.017,-0.75,2.5,0.0,0.017,0.01,-0.06,-2.4,1.8,0.75,1000
60.0,0.057,0.52,-0.05,-3.0,-10.0,2.3,-0.003,-0.06,-0.012,-0.5,2.3,-0.06,0.012,-0.04,-0.06,-2.3,3.0,0.5,1000
65.0,0.05,0.325,-0.08,-3.8,-5.0,2.0,-0.004,-0.055,-0.006,-0.35,2.0,-0.09,0.006,-0.09,-0.055,-2.1,3.8,0.35,1000
70.0,0.041,0.15,-0.1,-4.2,0.0,1.5,-0.004,-0.05,-0.002,-0.18,1.5,-0.11,0.002,-0.11,-0.05,-1.7,4.2,0.18,1000
75.0,0.032,0.02,-0.11,-4.3,3.0,1.2,-0.004,-0.039,0.002,0.0,1.2,-0.12,-0.002,-0.12,-0.039,-1.2,4.3,0.0,1000
80.0,0.022,-0.08,-0.11,-4.0,5.0,0.8,-0.004,-0.03,0.005,0.08,0.8,-0.12,-0.005,-0.12,-0.03,-0.9,4.0,-0.08,1000
85.0,0.013,-0.15,-0.1,-3.5,7.0,0.6,-0.003,-0.018,0.006,0.15,0.6,-0.11,-0.006,-0.105,-0.018,-0.5,3.5,-0.15,1000
90.0,0.005,-0.2,-0.08,-3.0,8.0,0.3,-0.003,-0.01,0.007,0.2,0.3,-0.095,-0.007,-0.095,-0.01,-0.2,3.0,-0.2,1000
95.0,-0.003,-0.22,-0.07,-2.4,8.0,0.0,-0.002,0.0,0.008,0.21,0.0,-0.077,-0.008,-0.075,0.0,0.0,2.4,-0.21,1000
100.0,-0.008,-0.21,-0.05,-1.8,9.0,-0.2,-0.001,0.005,0.008,0.21,-0.2,-0.06,-0.008,-0.06,0.005,0.2,1.8,-0.21,1000
105.0,-0.01,-0.19,-0.03,-1.0,8.0,-0.3,-0.001,0.01,0.007,0.2,-0.3,-0.039,-0.007,-0.04,0.01,0.3,1.0,-0.2,1000
110.0,-0.012,-0.16,-0.01,-0.8,5.0,-0.35,-0.001,0.011,0.006,0.19,-0.35,-0.02,-0.006,-0.02,0.011,0.4,0.8,-0.19,1000
115.0,-0.014,-0.13,0.0,0.0,2.0,-0.4,0.0,0.012,0.005,0.15,-0.4,-0.008,-0.005,-0.01,0.012,0.45,0.0,-0.15,1000
120.0,-0.013,-0.1,0.01,0.2,0.0,-0.39,0.0,0.014,0.003,0.1,-0.39,0.0,-0.003,0.0,0.014,0.5,-0.2,-0.1,1000
125.0,-0.012,-0.06,0.02,0.4,0.0,-0.35,0.0,0.013,0.002,0.07,-0.35,0.009,-0.002,0.0,0.013,0.4,-0.4,-0.07,1000
130.0,-0.01,-0.03,0.022,0.7,0.0,-0.3,0.001,0.011,0.001,0.05,-0.3,0.014,-0.001,0.0,0.011,0.3,-0.7,-0.05,1000
135.0,-0.008,0.0,0.025,0.8,0.0,-0.2,0.001,0.01,0.0,0.02,-0.2,0.018,0.0,0.0,0.01,0.1,-0.8,-0.02,1000
140.0,-0.006,0.02,0.025,0.9,0.0,-0.1,0.001,0.007,0.0,0.0,-0.1,0.019,0.0,0.0,0.007,0.0,-0.9,0.0,1000
145.0,-0.004,0.03,0.02,0.8,0.0,0.0,0.001,0.004,0.0,-0.01,0.0,0.02,0.0,0.0,0.004,0.0,-0.8,0.01,1000
150.0,-0.002,0.05,0.015,0.8,0.0,0.0,0.001,0.0,0.0,-0.02,0.0,0.019,0.0,0.0,0.0,0.0,-0.8,0.02,1000
155.0,0.0,0.04,0.01,0.7,0.0,0.0,0.001,0.0,0.0,-0.01,0.0,0.019,0.0,0.0,0.0,0.0,-0.7,0.01,1000
160.0,0.0,0.04,0.008,0.6,0.0,0.0,0.001,0.0,0.0,0.0,0.0,0.018,0.0,0.0,0.0,0.0,-0.6,0.0,1000
165.0,0.0,0.03,0.005,0.5,0.0,0.0,0.0,0.0,0.0,0.0,0.0,0.015,0.0,0.0,0.0,0.0,-0.5,0.0,1000
170.0,0.0,0.02,0.001,0.3,0.0,0.0,0.0,0.0,0.0,0.0,0.0,0.01,0.0,0.0,0.0,0.0,-0.3,0.0,1000
175.0,0.0,0.01,0.0,0.2,0.0,0.0,0.0,0.0,0.0,0.0,0.0,0.005,0.0,0.0,0.0,0.0,-0.2,0.0,1000
180.0,0.0,0.0,0.0,0.0,0.0,0.0,0.0,0.0,0.0,0.0,0.0,0.0,0.0,0.0,0.0,0.0,0.0,0.0,1000
0.0,-0.5,0.0,1.22,0.0,180.0,-6.6,0.0,0.5,0.094,0.0,-6.6,1.22,-0.094,1.11,0.5,7.8,0.0,0.0,2000
5.0,-0.404,0.65,1.17,11.5,105.0,-6.0,0.007,0.404,0.056,-0.7,-6.0,1.17,-0.056,1.12,0.405,7.25,-11.5,0.7,2000
10.0,-0.295,1.24,1.08,20.0,40.0,-4.7,0.01,0.302,0.027,-1.25,-4.7,1.1,-0.027,1.09,0.302,5.6,-20.0,1.25,2000
15.0,-0.206,1.64,0.97,21.5,0.0,-2.9,0.011,0.215,0.005,-1.65,-2.9,1.0,-0.005,0.98,0.215,4.0,-21.5,1.65,2000
20.0,-0.125,1.89,0.79,20.0,-30.0,-1.0,0.01,0.141,-0.013,-1.9,-1.0,0.8,0.013,0.9,0.141,1.8,-20.0,1.9,2000
25.0,-0.06,1.95,0.65,17.0,-45.0,0.7,0.009,0.075,-0.022,-1.97,0.7,0.65,0.022,0.68,0.075,0.0,-17.0,1.97,2000
30.0,-0.012,1.89,0.48,12.5,-50.0,2.1,0.007,0.015,-0.026,-1.9,2.1,0.48,0.026,0.52,0.015,-1.5,-12.5,1.9,2000
35.0,0.024,1.69,0.33,7.5,-47.0,3.0,0.004,-0.017,-0.026,-1.7,3.0,0.33,0.026,0.37,-0.017,-2.75,-7.5,1.7,2000
40.0,0.044,1.45,0.2,3.0,-42.0,3.4,0.002,-0.042,-0.024,-1.45,3.4,0.2,0.024,0.23,-0.042,-3.25,-3.0,1.45,2000
45.0,0.055,1.15,0.09,-0.5,-35.0,3.5,0.0,-0.056,-0.02,-1.16,3.5,0.09,0.02,0.09,-0.056,-3.4,0.5,1.16,2000
50.0,0.059,0.85,0.0,-3.0,-25.0,3.3,-0.001,-0.06,-0.015,-0.85,3.3,0.0,0.015,0.0,-0.06,-3.35,3.0,0.85,2000
55.0,0.056,0.55,-0.07,-5.2,-15.0,3.0,-0.002,-0.058,-0.01,-0.55,3.0,-0.07,0.01,-0.06,-0.058,-3.0,5.2,0.55,2000
60.0,0.048,0.3,-0.11,-6.2,-10.0,2.6,-0.003,-0.05,-0.004,-0.3,2.6,-0.1,0.004,-0.1,-0.05,-2.6,6.2,0.3,2000
65.0,0.037,0.08,-0.125,-6.7,0.0,2.0,-0.003,-0.04,-0.001,-0.1,2.0,-0.12,0.001,-0.12,-0.04,-2.1,6.7,0.1,2000
70.0,0.025,-0.07,-0.13,-6.5,8.0,1.4,-0.003,-0.03,0.003,0.05,1.4,-0.13,-0.003,-0.13,-0.03,-1.5,6.5,-0.05,2000
75.0,0.015,-0.17,-0.118,-6.0,10.0,0.9,-0.003,-0.02,0.005,0.1,0.9,-0.12,-0.005,-0.12,-0.02,-1.0,6.0,-0.1,2000
80.0,0.006,-0.23,-0.09,-5.0,12.0,0.4,-0.003,-0.01,0.006,0.23,0.4,-0.1,-0.006,-0.1,-0.01,-0.5,5.0,-0.23,2000
85.0,-0.001,-0.26,-0.07,-3.8,15.0,0.0,-0.002,-0.003,0.007,0.26,0.0,-0.08,-0.007,-0.08,-0.003,-0.2,3.8,-0.26,2000
90.0,-0.007,-0.26,-0.05,-2.5,12.0,-0.2,-0.001,0.004,0.007,0.26,-0.2,-0.05,-0.007,-0.06,0.004,0.2,2.5,-0.26,2000
95.0,-0.01,-0.23,-0.03,-1.5,10.0,-0.5,-0.001,0.008,0.006,0.23,-0.5,-0.03,-0.006,-0.03,0.008,0.4,1.5,-0.23,2000
100.0,-0.012,-0.2,-0.005,-0.4,8.0,-0.55,0.0,0.012,0.005,0.15,-0.55,-0.01,-0.005,-0.01,0.012,0.5,0.4,-0.15,2000
105.0,-0.013,-0.15,0.01,0.2,5.0,-0.6,0.0,0.014,0.004,0.05,-0.6,0.0,-0.004,0.0,0.014,0.6,-0.2,-0.05,2000
110.0,-0.012,-0.1,0.02,0.7,2.0,-0.5,0.0,0.012,0.003,0.0,-0.5,0.02,-0.003,0.01,0.012,0.55,-0.7,0.0,2000
115.0,-0.01,-0.07,0.025,1.0,0.0,-0.4,0.001,0.01,0.002,-0.02,-0.4,0.02,-0.002,0.02,0.01,0.45,-1.0,0.02,2000
120.0,-0.009,-0.03,0.03,1.1,0.0,-0.3,0.001,0.008,0.001,-0.03,-0.3,0.025,-0.001,0.025,0.008,0.4,-1.1,0.03,2000
125.0,-0.007,0.0,0.028,1.2,0.0,-0.2,0.001,0.006,0.0,-0.04,-0.2,0.025,0.0,0.03,0.006,0.3,-1.2,0.04,2000
130.0,-0.004,0.02,0.024,1.0,0.0,-0.1,0.0,0.004,0.0,-0.05,-0.1,0.022,0.0,0.025,0.004,0.25,-1.0,0.05,2000
135.0,-0.002,0.04,0.02,0.8,0.0,0.0,0.0,0.001,0.0,-0.04,0.0,0.021,0.0,0.02,0.001,0.2,-0.8,0.04,2000
140.0,0.0,0.045,0.008,0.4,0.0,0.0,0.0,0.0,0.0,-0.03,0.0,0.02,0.0,0.02,0.0,0.1,-0.4,0.03,2000
145.0,0.002,0.05,0.006,0.0,0.0,0.0,0.0,0.0,0.0,-0.02,0.0,0.01,0.0,0.01,0.0,0.0,0.0,0.02,2000
150.0,0.006,0.045,0.004,0.0,0.0,0.0,0.0,0.0,0.0,0.0,0.0,0.0,0.0,0.01,0.0,0.0,0.0,0.0,2000
155.0,0.008,0.04,0.003,0.0,0.0,0.0,0.0,0.0,0.0,0.0,0.0,0.0,0.0,0.005,0.0,0.0,0.0,0.0,2000
160.0,0.007,0.03,0.002,0.0,0.0,0.0,0.0,0.0,0.0,0.0,0.0,0.0,0.0,0.0,0.0,0.0,0.0,0.0,2000
165.0,0.005,0.02,0.001,0.0,0.0,0.0,0.0,0.0,0.0,0.0,0.0,0.0,0.0,0.0,0.0,0.0,0.0,0.0,2000
170.0,0.003,0.01,0.0,0.0,0.0,0.0,0.0,0.0,0.0,0.0,0.0,0.0,0.0,0.0,0.0,0.0,0.0,0.0,2000
175.0,0.001,0.005,0.0,0.0,0.0,0.0,0.0,0.0,0.0,0.0,0.0,0.0,0.0,0.0,0.0,0.0,0.0,0.0,2000
180.0,0.0,0.0,0.0,0.0,0.0,0.0,0.0,0.0,0.0,0.0,0.0,0.0,0.0,0.0,0.0,0.0,0.0,0.0,2000
0.0,-0.5,0.0,1.36,0.0,330.0,-9.6,0.0,0.5,0.08,0.0,-9.6,1.35,-0.08,1.28,0.5,10.8,0.0,0.0,4000
5.0,-0.38,0.9,1.32,22.0,175.0,-8.5,0.005,0.39,0.045,-1.2,-8.5,1.31,-0.045,1.27,0.39,10.0,-22.0,1.2,4000
10.0,-0.27,1.72,1.2,32.0,60.0,-6.0,0.008,0.28,0.015,-1.65,-6.0,1.2,-0.015,1.18,0.28,7.5,-32.0,1.65,4000
15.0,-0.17,2.2,1.04,33.7,-30.0,-3.0,0.009,0.16,0.0,-2.15,-3.0,1.02,0.0,1.04,0.16,4.7,-33.7,2.15,4000
20.0,-0.09,2.4,0.8,30.0,-67.0,-0.2,0.007,0.105,-0.017,-2.4,-0.2,0.8,0.017,0.86,0.105,1.5,-30.0,2.4,4000
25.0,-0.03,2.37,0.6,23.0,-85.0,2.0,0.005,0.04,-0.023,-2.4,2.0,0.61,0.023,0.64,0.04,-1.5,-23.0,2.4,4000
30.0,0.018,2.1,0.4,15.0,-90.0,3.8,0.004,-0.01,-0.025,-2.2,3.8,0.4,0.025,0.44,-0.01,-3.4,-15.0,2.2,4000
35.0,0.04,1.9,0.24,7.5,-82.0,4.7,0.002,-0.04,-0.023,-1.85,4.7,0.24,0.023,0.24,-0.04,-4.4,-7.5,1.85,4000
40.0,0.055,1.45,0.1,0.0,-62.0,4.9,0.0,-0.057,-0.017,-1.45,4.9,0.1,0.017,0.1,-0.057,-4.8,0.0,1.45,4000
45.0,0.057,1.0,0.0,-5.0,-45.0,4.7,-0.001,-0.06,-0.013,-1.0,4.7,-0.02,0.013,0.0,-0.06,-4.7,5.0,1.0,4000
50.0,0.052,0.65,-0.08,-8.0,-25.0,4.0,-0.002,-0.055,-0.007,-0.62,4.0,-0.09,0.007,-0.08,-0.055,-4.2,8.0,0.62,4000
55.0,0.045,0.3,-0.125,-10.0,-8.0,3.3,-0.002,-0.045,-0.003,-0.3,3.3,-0.13,0.008,-0.121,-0.045,-3.5,10.0,0.3,4000
60.0,0.03,0.05,-0.14,-10.4,7.0,2.4,-0.003,-0.032,0.0,-0.05,2.4,-0.14,0.0,-0.14,-0.032,-2.5,10.4,0.05,4000
65.0,0.02,-0.15,-0.13,-9.5,15.0,1.5,-0.002,-0.022,0.003,0.15,1.5,-0.13,-0.003,-0.138,-0.022,-1.75,9.5,-0.15,4000
70.0,0.01,-0.25,-0.12,-8.0,20.0,0.7,-0.002,-0.011,0.005,0.26,0.7,-0.11,-0.005,-0.12,-0.011,-1.0,8.0,-0.26,4000
75.0,0.0,-0.32,-0.09,-6.2,23.0,0.2,-0.002,-0.003,0.007,0.32,0.2,-0.08,-0.007,-0.1,-0.003,-0.25,6.2,-0.32,4000
80.0,-0.005,-0.33,-0.06,-4.0,23.0,-0.3,-0.001,0.002,0.005,0.34,-0.3,-0.06,-0.005,-0.07,0.002,0.2,4.0,-0.34,4000
85.0,-0.01,-0.3,-0.03,-2.2,20.0,-0.6,0.0,0.008,0.003,0.31,-0.6,-0.04,-0.003,-0.04,0.008,0.5,2.2,-0.31,4000
90.0,-0.013,-0.25,-0.01,-1.0,12.0,-0.65,0.0,0.011,0.002,0.27,-0.65,-0.02,-0.002,-0.02,0.011,0.7,1.0,-0.27,4000
95.0,-0.014,-0.16,0.01,0.2,8.0,-0.7,0.0,0.012,0.001,0.18,-0.7,0.0,-0.001,0.0,0.012,0.8,-0.2,-0.18,4000
100.0,-0.013,-0.11,0.02,1.0,0.0,-0.7,0.0,0.01,0.0,0.1,-0.7,0.02,0.0,0.01,0.01,0.8,-1.0,-0.1,4000
105.0,-0.01,-0.05,0.022,1.6,-2.0,-0.6,0.0,0.009,0.0,0.05,-0.6,0.02,0.0,0.022,0.009,0.6,-1.6,-0.05,4000
110.0,-0.007,0.0,0.025,1.9,-3.0,-0.5,0.0,0.006,0.0,0.0,-0.5,0.03,0.0,0.032,0.006,0.4,-1.9,0.0,4000
115.0,-0.005,0.02,0.022,1.5,-2.5,-0.4,0.0,0.004,0.0,-0.02,-0.4,0.03,0.0,0.03,0.004,0.3,-1.5,0.02,4000
120.0,-0.003,0.04,0.021,1.1,-2.0,-0.2,0.0,0.001,0.0,-0.04,-0.2,0.02,0.0,0.028,0.001,0.2,-1.1,0.04,4000
125.0,-0.001,0.05,0.02,0.6,-1.5,-0.1,0.0,0.0,0.0,-0.05,-0.1,0.02,0.0,0.02,0.0,0.1,-0.6,0.05,4000
130.0,0.0,0.05,0.012,0.3,-1.0,0.0,0.0,0.0,0.0,-0.04,0.0,0.01,0.0,0.015,0.0,0.0,-0.3,0.04,4000
135.0,0.0,0.04,0.006,0.0,-0.5,0.0,0.0,0.0,0.0,-0.03,0.0,0.01,0.0,0.008,0.0,0.0,0.0,0.03,4000
140.0,0.0,0.03,0.002,0.0,0.0,0.0,0.0,0.0,0.0,-0.02,0.0,0.0,0.0,0.001,0.0,0.0,0.0,0.02,4000
145.0,0.0,0.02,0.0,0.0,0.0,0.0,0.0,0.0,0.0,-0.01,0.0,0.0,0.0,0.0,0.0,0.0,0.0,0.01,4000
150.0,0.0,0.01,0.0,0.0,0.0,0.0,0.0,0.0,0.0,0.0,0.0,0.0,0.0,0.0,0.0,0.0,0.0,0.0,4000
155.0,0.0,0.0,0.0,0.0,0.0,0.0,0.0,0.0,0.0,0.0,0.0,0.0,0.0,0.0,0.0,0.0,0.0,0.0,4000
160.0,0.0,0.0,0.0,0.0,0.0,0.0,0.0,0.0,0.0,0.0,0.0,0.0,0.0,0.0,0.0,0.0,0.0,0.0,4000
165.0,0.0,0.0,0.0,0.0,0.0,0.0,0.0,0.0,0.0,0.0,0.0,0.0,0.0,0.0,0.0,0.0,0.0,0.0,4000
170.0,0.0,0.0,0.0,0.0,0.0,0.0,0.0,0.0,0.0,0.0,0.0,0.0,0.0,0.0,0.0,0.0,0.0,0.0,4000
175.0,0.0,0.0,0.0,0.0,0.0,0.0,0.0,0.0,0.0,0.0,0.0,0.0,0.0,0.0,0.0,0.0,0.0,0.0,4000
180.0,0.0,0.0,0.0,0.0,0.0,0.0,0.0,0.0,0.0,0.0,0.0,0.0,0.0,0.0,0.0,0.0,0.0,0.0,4000
0.0,-0.5,0.0,1.52,0.0,570.0,-13.9,0.0,0.5,0.075,0.0,-13.9,1.51,-0.075,1.445,0.5,15.5,0.0,0.0,8000
5.0,-0.36,1.3,1.46,40.0,280.0,-12.0,0.004,0.38,0.037,-1.4,-12.0,1.46,-0.037,1.43,0.38,13.5,-41.0,1.4,8000
10.0,-0.25,2.3,1.3,53.2,70.0,-8.0,0.006,0.25,0.01,-2.3,-8.0,1.3,-0.01,1.29,0.25,9.5,-53.0,2.3,8000
15.0,-0.14,2.85,1.1,53.0,-70.0,-3.0,0.006,0.15,-0.007,-2.9,-3.0,1.06,0.007,1.09,0.15,5.0,-52.0,2.9,8000
20.0,-0.07,3.04,0.8,44.0,-140.0,1.0,0.005,0.07,-0.017,-3.02,1.0,0.8,0.017,0.84,0.07,0.0,-43.0,3.02,8000
25.0,0.0,2.85,0.55,29.0,-165.0,4.0,0.003,0.01,-0.02,-2.9,4.0,0.54,0.02,0.58,0.01,-4.0,-29.0,2.9,8000
30.0,0.04,2.45,0.3,15.0,-150.0,6.1,0.002,-0.03,-0.019,-2.5,6.1,0.32,0.019,0.34,-0.03,-5.8,-15.0,2.5,8000
35.0,0.055,1.9,0.15,2.0,-120.0,6.9,0.001,-0.05,-0.016,-1.9,6.9,0.12,0.016,0.14,-0.05,-6.6,-2.0,1.9,8000
40.0,0.056,1.3,0.0,-8.0,-80.0,6.6,0.0,-0.06,-0.011,-1.3,6.6,-0.01,0.011,0.0,-0.06,-6.6,7.5,1.3,8000
45.0,0.05,0.75,-0.1,-13.0,-40.0,5.7,-0.001,-0.056,-0.006,-0.75,5.7,-0.1,0.006,-0.09,-0.056,-6.1,13.8,0.75,8000
50.0,0.04,0.3,-0.15,-15.5,-10.0,4.5,-0.002,-0.045,-0.002,-0.3,4.5,-0.14,0.002,-0.14,-0.045,-4.6,15.9,0.3,8000
55.0,0.027,-0.05,-0.16,-15.6,15.0,3.0,-0.002,-0.03,0.001,0.05,3.0,-0.16,-0.001,-0.155,-0.03,-3.0,15.6,-0.05,8000
60.0,0.015,-0.25,-0.15,-14.0,30.0,1.7,-0.002,-0.015,0.004,0.25,1.7,-0.14,-0.004,-0.14,-0.015,-1.8,13.9,-0.25,8000
65.0,0.004,-0.38,-0.12,-10.5,38.0,0.7,-0.001,-0.005,0.005,0.35,0.7,-0.11,-0.005,-0.11,-0.005,-0.5,10.7,-0.35,8000
70.0,-0.005,-0.4,-0.08,-7.0,40.0,-0.2,-0.001,0.0,0.005,0.4,-0.2,-0.08,-0.005,-0.08,0.0,0.2,7.5,-0.4,8000
75.0,-0.01,-0.38,-0.05,-4.0,35.0,-0.65,0.0,0.007,0.004,0.35,-0.65,-0.04,-0.004,-0.05,0.007,0.6,4.0,-0.35,8000
80.0,-0.012,-0.3,-0.01,-2.0,27.0,-1.0,0.0,0.01,0.003,0.3,-1.0,-0.01,-0.003,-0.02,0.01,0.9,1.6,-0.3,8000
85.0,-0.012,-0.2,0.01,0.5,18.0,-1.01,0.0,0.011,0.002,0.2,-1.01,0.01,-0.002,0.0,0.011,1.0,-0.5,-0.2,8000
90.0,-0.011,-0.12,0.02,2.0,10.0,-0.9,0.0,0.01,0.001,0.1,-0.9,0.02,-0.001,0.018,0.01,1.0,-1.8,-0.1,8000
95.0,-0.009,-0.06,0.03,2.3,0.0,-0.75,0.0,0.008,0.0,0.05,-0.75,0.03,0.0,0.025,0.008,0.8,-2.3,-0.05,8000
100.0,-0.007,0.02,0.03,2.5,-4.0,-0.5,0.0,0.005,0.0,0.0,-0.5,0.04,0.0,0.03,0.005,0.6,-2.6,0.0,8000
105.0,-0.004,0.05,0.02,2.2,-5.0,-0.25,0.0,0.002,0.0,-0.05,-0.25,0.03,0.0,0.026,0.002,0.35,-2.2,0.05,8000
110.0,-0.002,0.06,0.02,2.0,-6.0,-0.1,0.0,0.001,0.0,-0.08,-0.1,0.03,0.0,0.023,0.001,0.2,-1.8,0.08,8000
115.0,0.0,0.06,0.01,1.5,-5.0,0.0,0.0,0.0,0.0,-0.06,0.0,0.02,0.0,0.02,0.0,0.1,-1.0,0.06,8000
120.0,0.0,0.05,0.01,1.0,-4.0,0.0,0.0,0.0,0.0,-0.05,0.0,0.01,0.0,0.018,0.0,0.0,-0.5,0.05,8000
125.0,0.0,0.05,0.0,0.5,-3.0,0.0,0.0,0.0,0.0,-0.04,0.0,0.0,0.0,0.006,0.0,0.0,0.0,0.04,8000
130.0,0.0,0.04,0.0,0.0,-2.0,0.0,0.0,0.0,0.0,-0.03,0.0,0.0,0.0,0.0,0.0,0.0,0.0,0.03,8000
135.0,0.0,0.03,0.0,0.0,-1.0,0.0,0.0,0.0,0.0,-0.02,0.0,0.0,0.0,0.0,0.0,0.0,0.1,0.02,8000
140.0,0.0,0.02,0.0,0.0,0.0,0.0,0.0,0.0,0.0,-0.01,0.0,0.0,0.0,0.0,0.0,0.0,0.2,0.01,8000
145.0,0.0,0.0,0.0,0.0,0.0,0.0,0.0,0.0,0.0,0.0,0.0,0.0,0.0,0.0,0.0,0.0,0.2,0.0,8000
150.0,0.0,0.0,0.0,0.0,0.0,0.0,0.0,0.0,0.0,0.0,0.0,0.0,0.0,0.0,0.0,0.0,0.2,0.0,8000
155.0,0.0,0.0,0.0,0.0,0.0,0.0,0.0,0.0,0.0,0.0,0.0,0.0,0.0,0.0,0.0,0.0,0.1,0.0,8000
160.0,0.0,0.0,0.0,0.0,0.0,0.0,0.0,0.0,0.0,0.0,0.0,0.0,0.0,0.0,0.0,0.0,0.1,0.0,8000
165.0,0.0,0.0,0.0,0.0,0.0,0.0,0.0,0.0,0.0,0.0,0.0,0.0,0.0,0.0,0.0,0.0,0.0,0.0,8000
170.0,0.0,0.0,0.0,0.0,0.0,0.0,0.0,0.0,0.0,0.0,0.0,0.0,0.0,0.0,0.0,0.0,0.0,0.0,8000
175.0,0.0,0.0,0.0,0.0,0.0,0.0,0.0,0.0,0.0,0.0,0.0,0.0,0.0,0.0,0.0,0.0,0.0,0.0,8000
180.0,0.0,0.0,0.0,0.0,0.0,0.0,0.0,0.0,0.0,0.0,0.0,0.0,0.0,0.0,0.0,0.0,0.0,0.0,8000
0.0,-0.5,0.0,1.825,0.0,1500.0,-25.4,0.0,0.5,0.06,0.0,-25.4,1.835,-0.06,1.78,0.5,27.2,0.0,0.0,25000
5.0,-0.35,2.1,1.725,94.0,600.0,-21.0,0.003,0.35,0.025,-2.3,-21.0,1.74,-0.025,1.7,0.35,21.5,-94.0,2.3,25000
10.0,-0.21,3.825,1.45,119.0,20.0,-11.5,0.005,0.21,0.0,-3.7,-11.5,1.44,0.0,1.48,0.21,13.0,-119.0,3.7,25000
15.0,-0.1,4.47,1.16,106.0,-320.0,-3.0,0.004,0.1,-0.013,-4.2,-3.0,1.08,0.013,1.16,0.1,3.5,-106.0,4.2,25000
20.0,-0.01,4.25,0.7,70.0,-430.0,6.4,0.003,0.02,-0.017,-4.25,6.4,0.69,0.017,0.74,0.02,-5.5,-70.0,4.25,25000
25.0,0.04,3.5,0.35,32.0,-400.0,11.0,0.002,-0.03,-0.016,-3.9,11.0,0.36,0.016,0.38,-0.03,-10.5,-32.5,3.9,25000
30.0,0.055,2.5,0.1,0.0,-290.0,12.0,0.0,-0.052,-0.012,-2.5,12.0,0.1,0.012,0.11,-0.052,-11.9,0.0,2.5,25000
35.0,0.054,1.5,-0.06,-22.0,-170.0,11.0,-0.001,-0.057,-0.006,-1.5,11.0,-0.07,0.006,-0.06,-0.057,-11.0,22.0,1.5,25000
40.0,0.045,0.55,-0.16,-32.0,-50.0,8.5,-0.001,-0.045,-0.002,-0.65,8.5,-0.16,0.002,-0.15,-0.045,-8.5,32.0,0.65,25000
45.0,0.035,0.0,-0.18,-32.5,30.0,5.7,-0.002,-0.03,0.001,0.0,5.7,-0.185,-0.001,-0.17,-0.03,-5.8,32.5,0.0,25000
50.0,0.015,-0.375,-0.17,-29.0,80.0,2.6,-0.001,-0.016,0.004,0.39,2.6,-0.162,-0.004,-0.17,-0.016,-3.0,29.0,-0.39,25000
55.0,0.0,-0.525,-0.12,-21.5,90.0,0.75,-0.001,-0.005,0.005,0.54,0.75,-0.12,-0.005,-0.13,-0.005,-0.7,21.5,-0.54,25000
60.0,-0.006,-0.55,-0.07,-12.0,95.0,-0.8,0.0,0.006,0.004,0.56,-0.8,-0.07,-0.004,-0.08,0.006,0.8,12.0,-0.56,25000
65.0,-0.011,-0.52,-0.035,-5.0,80.0,-1.6,0.0,0.01,0.003,0.5,-1.6,-0.025,-0.003,-0.03,0.01,1.5,5.0,-0.5,25000
70.0,-0.012,-0.33,0.0,0.0,50.0,-1.7,0.0,0.012,0.002,0.32,-1.7,0.0,-0.002,0.0,0.012,1.8,0.0,-0.32,25000
75.0,-0.011,-0.18,0.025,4.0,20.0,-1.5,0.0,0.011,0.001,0.16,-1.5,0.025,-0.001,0.02,0.011,1.6,-4.0,-0.16,25000
80.0,-0.007,-0.08,0.032,5.2,0.0,-1.1,0.0,0.01,0.0,0.03,-1.1,0.035,0.0,0.03,0.01,1.2,-5.2,-0.03,25000
85.0,-0.004,0.03,0.035,5.0,-10.0,-0.6,0.0,0.003,0.0,-0.03,-0.6,0.03,0.0,0.037,0.003,0.75,-5.0,0.03,25000
90.0,-0.002,0.08,0.021,4.5,-14.0,-0.3,0.0,0.001,0.0,-0.08,-0.3,0.023,0.0,0.034,0.001,0.3,-4.5,0.08,25000
95.0,0.0,0.1,0.015,3.3,-15.0,0.2,0.0,0.0,0.0,-0.1,0.2,0.018,0.0,0.02,0.0,0.0,-3.3,0.1,25000
100.0,0.001,0.085,0.005,2.0,-12.0,0.3,0.0,0.0,0.0,-0.1,0.3,0.01,0.0,0.012,0.0,-0.2,-2.0,0.1,25000
105.0,0.002,0.07,0.0,1.0,-10.0,0.4,0.0,0.0,0.0,-0.07,0.4,0.0,0.0,0.005,0.0,-0.4,-1.0,0.07,25000
110.0,0.002,0.04,0.0,0.0,-5.0,0.2,0.0,0.0,0.0,-0.03,0.2,0.0,0.0,0.0,0.0,-0.4,0.0,0.03,25000
115.0,0.001,0.025,0.0,-0.5,0.0,0.1,0.0,0.0,0.0,-0.01,0.1,0.0,0.0,0.0,0.0,-0.3,0.5,0.01,25000
120.0,0.0,0.0,0.0,-1.0,0.0,0.0,0.0,0.0,0.0,0.0,0.0,0.0,0.0,0.0,0.0,-0.2,1.0,0.0,25000
125.0,0.0,0.0,0.0,-0.7,0.0,0.0,0.0,0.0,0.0,0.0,0.0,0.0,0.0,0.0,0.0,-0.15,0.7,0.0,25000
130.0,0.0,0.0,0.0,-0.2,0.0,0.0,0.0,0.0,0.0,0.0,0.0,0.0,0.0,0.0,0.0,-0.1,0.2,0.0,25000
135.0,0.0,0.0,0.0,0.0,0.0,0.0,0.0,0.0,0.0,0.0,0.0,0.0,0.0,0.0,0.0,0.0,0.0,0.0,25000
140.0,0.0,0.0,0.0,0.0,0.0,0.0,0.0,0.0,0.0,0.0,0.0,0.0,0.0,0.0,0.0,0.0,0.0,0.0,25000
145.0,0.0,0.0,0.0,0.0,0.0,0.0,0.0,0.0,0.0,0.0,0.0,0.0,0.0,0.0,0.0,0.0,0.0,0.0,25000
150.0,0.0,0.0,0.0,0.0,0.0,0.0,0.0,0.0,0.0,0.0,0.0,0.0,0.0,0.0,0.0,0.0,0.0,0.0,25000
155.0,0.0,0.0,0.0,0.0,0.0,0.0,0.0,0.0,0.0,0.0,0.0,0.0,0.0,0.0,0.0,0.0,0.0,0.0,25000
160.0,0.0,0.0,0.0,0.0,0.0,0.0,0.0,0.0,0.0,0.0,0.0,0.0,0.0,0.0,0.0,0.0,0.0,0.0,25000
165.0,0.0,0.0,0.0,0.0,0.0,0.0,0.0,0.0,0.0,0.0,0.0,0.0,0.0,0.0,0.0,0.0,0.0,0.0,25000
170.0,0.0,0.0,0.0,0.0,0.0,0.0,0.0,0.0,0.0,0.0,0.0,0.0,0.0,0.0,0.0,0.0,0.0,0.0,25000
175.0,0.0,0.0,0.0,0.0,0.0,0.0,0.0,0.0,0.0,0.0,0.0,0.0,0.0,0.0,0.0,0.0,0.0,0.0,25000
180.0,0.0,0.0,0.0,0.0,0.0,0.0,0.0,0.0,0.0,0.0,0.0,0.0,0.0,0.0,0.0,0.0,0.0,0.0,25000
